Time,Energy_Consumption_kWh,Server_Load_percent,Ambient_Temperature_C,Cooling_Efficiency_percent,Hour,Day_of_Week,Month,Season
2023-01-01 00:00:00,374.9080237694725,84.90808570098726,20.22159514606344,82.97704462840545,0,6,1,Winter
2023-01-01 01:00:00,490.1428612819832,76.80481831720601,24.5028113685403,81.97954694074328,1,6,1,Winter
2023-01-01 02:00:00,446.398788362281,65.47638081431639,28.4753500305169,70.64105164516089,2,6,1,Winter
2023-01-01 03:00:00,419.7316968394073,90.68975098534744,26.786698636914736,78.5311956906539,3,6,1,Winter
2023-01-01 04:00:00,331.2037280884873,84.23655862769397,27.678733774337395,79.50489046964643,4,6,1,Winter
2023-01-01 05:00:00,331.1989040672405,58.130846967244565,25.90540040052861,79.97056952242251,5,6,1,Winter
2023-01-01 06:00:00,311.6167224336399,95.54635922469213,26.30731877421423,84.5043092306833,6,6,1,Winter
2023-01-01 07:00:00,473.235229154987,91.12686214615846,28.19034781878383,83.34006366817196,7,6,1,Winter
2023-01-01 08:00:00,420.2230023486418,97.4899956645962,20.996016106310236,85.19762731983612,8,6,1,Winter
2023-01-01 09:00:00,441.6145155592091,86.28597541941801,23.873099563717687,89.1220815385532,9,6,1,Winter
2023-01-01 10:00:00,304.1168988591605,80.6707597967895,20.654513301835227,90.32464346790232,10,6,1,Winter
2023-01-01 11:00:00,493.9819704323989,70.91215181453094,29.85201609595976,87.95307690566236,11,6,1,Winter
2023-01-01 12:00:00,466.48852816008434,96.63642416770064,29.32871207623936,93.88809239887335,12,6,1,Winter
2023-01-01 13:00:00,342.46782213565524,93.30319447502042,18.473121736422076,70.45581456690904,13,6,1,Winter
2023-01-01 14:00:00,336.3649934414201,52.26093350530947,26.46690207018826,74.89444964208866,14,6,1,Winter
2023-01-01 15:00:00,336.6809019706868,51.3183487248626,29.10297980898799,70.18907187445355,15,6,1,Winter
2023-01-01 16:00:00,360.8484485919075,68.82316834390248,20.166904141528,86.18686785386507,16,6,1,Winter
2023-01-01 17:00:00,404.9512863264476,90.52766653909164,24.815342766631552,92.45076372374967,17,6,1,Winter
2023-01-01 18:00:00,386.3890037284232,99.36380646574722,28.9858595710565,76.08705741440748,18,6,1,Winter
2023-01-01 19:00:00,358.2458280396084,57.52084455517641,18.407351743029587,93.17586361990766,19,6,1,Winter
2023-01-01 20:00:00,422.3705789444759,79.70653576760675,26.36904320696208,71.50668475723901,20,6,1,Winter
2023-01-01 21:00:00,327.8987721304084,69.04454283155107,21.56818808847061,93.36090067013784,21,6,1,Winter
2023-01-01 22:00:00,358.4289297070436,98.49571989073016,29.092754344518365,78.79056718099086,22,6,1,Winter
2023-01-01 23:00:00,373.2723686587384,92.10594615678544,29.65269894198441,72.53552071123042,23,6,1,Winter
2023-01-02 00:00:00,391.2139968434072,91.91643523555688,29.331197869361205,82.14679397965814,0,0,1,Winter
2023-01-02 01:00:00,457.0351922786027,73.43465798974852,23.690570599889565,76.4194141930127,1,0,1,Winter
2023-01-02 02:00:00,339.934756431672,70.74097511688326,28.34451181187176,77.12182254904808,2,0,1,Winter
2023-01-02 03:00:00,402.8468876827224,63.670353596535314,28.13459278242085,77.68224912315716,3,0,1,Winter
2023-01-02 04:00:00,418.4829137724085,52.81877483254635,21.829205678919067,90.0756474458166,4,0,1,Winter
2023-01-02 05:00:00,309.2900825439996,93.23611881275266,27.94698568980813,83.47903191688137,5,0,1,Winter
2023-01-02 06:00:00,421.5089703802877,90.64505045650388,18.44409161658591,77.78269247890009,6,0,1,Winter
2023-01-02 07:00:00,334.1048247374584,99.98588366430651,25.15523854178464,85.25834458277296,7,0,1,Winter
2023-01-02 08:00:00,313.0103185970559,99.83184185369528,20.760106047452435,87.90376685557985,8,0,1,Winter
2023-01-02 09:00:00,489.7771074506667,77.77158528013138,19.446802629327344,76.81560001833834,9,0,1,Winter
2023-01-02 10:00:00,493.12640661491184,88.44937075902553,18.92343841955051,80.33872753813378,10,0,1,Winter
2023-01-02 11:00:00,461.6794696232922,97.2382864941214,26.35546531053768,73.04715233342368,11,0,1,Winter
2023-01-02 12:00:00,360.92275383467415,92.48236953387058,22.078499565216795,74.52873373836701,12,0,1,Winter
2023-01-02 13:00:00,319.5344228012768,62.36740508715988,26.69720125834514,87.02794634912456,13,0,1,Winter
2023-01-02 14:00:00,436.8466053024314,72.52720676550467,18.78427608958731,74.53595869239068,14,0,1,Winter
2023-01-02 15:00:00,388.03049874792026,56.45797075757475,21.783484053967324,83.1290845916765,15,0,1,Winter
2023-01-02 16:00:00,324.40764696895576,97.70255136293612,24.473895508504047,87.72615654306082,16,0,1,Winter
2023-01-02 17:00:00,399.03538202225405,80.308731722544,27.488677978067564,72.67192307736859,17,0,1,Winter
2023-01-02 18:00:00,306.8777042230437,61.43214027517314,21.82503003518484,84.18280549072259,18,0,1,Winter
2023-01-02 19:00:00,481.8640804157564,83.58503422029284,25.51069651724411,76.41406959253409,19,0,1,Winter
2023-01-02 20:00:00,351.75599632000336,80.90641202289478,28.631732978834243,94.0731718809395,20,0,1,Winter
2023-01-02 21:00:00,432.5044568707964,67.90813590164203,25.390358258187653,82.08864116799812,21,0,1,Winter
2023-01-02 22:00:00,362.3422152178822,55.67787960998145,20.795513697043607,90.14981374437896,22,0,1,Winter
2023-01-02 23:00:00,404.0136042355622,83.57865977963998,18.292809378678456,83.75566355390654,23,0,1,Winter
2023-01-03 00:00:00,409.342055868656,76.01538504518966,28.44118648681116,71.08531332137048,0,1,1,Winter
2023-01-03 01:00:00,336.9708911051054,88.61591958678196,18.255232930204645,85.82878438985055,1,1,1,Winter
2023-01-03 02:00:00,493.9169255529117,76.00817505559966,28.49642007221039,93.78508355516642,2,1,1,Winter
2023-01-03 03:00:00,455.0265646722229,92.609075015927,24.347245608326546,85.04029550365829,3,1,1,Winter
2023-01-03 04:00:00,487.8997883128378,77.59534193872427,29.26881238215476,90.47972148566976,4,1,1,Winter
2023-01-03 05:00:00,478.9654700855298,78.04689857676931,27.585398829283985,92.1051615837102,5,1,1,Winter
2023-01-03 06:00:00,419.579995762217,93.83268013291726,29.975209326400048,75.7019942987233,6,1,1,Winter
2023-01-03 07:00:00,484.37484700462335,70.17414331061985,22.20854178542052,75.30112099770567,7,1,1,Winter
2023-01-03 08:00:00,317.6985004103839,56.70076142253204,27.206259467173524,85.27452472127479,8,1,1,Winter
2023-01-03 09:00:00,339.196572483829,51.43913381566695,22.823170963310908,80.27571174516761,9,1,1,Winter
2023-01-03 10:00:00,309.04545778210763,87.75686278368096,23.758507443646906,90.996532571668,10,1,1,Winter
2023-01-03 11:00:00,365.06606615265287,81.01547756767323,25.530065558620443,92.50057808495028,11,1,1,Winter
2023-01-03 12:00:00,377.7354579378964,85.20398840496118,28.484125370236065,78.83553448256795,12,1,1,Winter
2023-01-03 13:00:00,354.2698063547792,60.64820807544554,29.809001630391545,75.92176397436205,13,1,1,Winter
2023-01-03 14:00:00,465.7475018303859,56.818573779338486,27.219280966374217,89.51313788109655,14,1,1,Winter
2023-01-03 15:00:00,371.3506653387179,50.7272332833941,23.013201386008006,76.8701508887034,15,1,1,Winter
2023-01-03 16:00:00,356.18690193747614,67.52937794032985,23.056284027324843,90.56535796284196,16,1,1,Winter
2023-01-03 17:00:00,408.5392166316497,79.49588434273166,26.8509876190667,80.59345634121907,17,1,1,Winter
2023-01-03 18:00:00,328.1848449949525,69.61220225498661,20.86532574921963,86.68874748228676,18,1,1,Winter
2023-01-03 19:00:00,460.439396150808,71.87374610118646,19.32568935757673,72.3883828458667,19,1,1,Winter
2023-01-03 20:00:00,314.9101287359542,95.20793472468742,22.25546589168932,85.59648311691433,20,1,1,Winter
2023-01-03 21:00:00,497.3773873201035,67.41277335116501,21.446867899848986,81.29419196843072,21,1,1,Winter
2023-01-03 22:00:00,454.4489538593315,75.69947445799053,21.55569744547188,84.66521157938685,22,1,1,Winter
2023-01-03 23:00:00,339.74313630683446,89.18265063705715,20.80329301259892,74.20035519362159,23,1,1,Winter
2023-01-04 00:00:00,301.1044234247205,69.8271391160635,18.50511827563634,88.42184362360456,0,2,1,Winter
2023-01-04 01:00:00,463.0922856909668,81.10433501139367,18.214487216800965,91.56992693858072,1,2,1,Winter
2023-01-04 02:00:00,441.3714687695234,93.11818543733726,29.85266867683238,75.4184950022694,2,2,1,Winter
2023-01-04 03:00:00,445.8014336081975,97.47603118288212,23.133277604830347,72.39286388800404,3,2,1,Winter
2023-01-04 04:00:00,454.2540693371892,57.3536740464519,22.61191976591618,70.59096465115842,4,2,1,Winter
2023-01-04 05:00:00,314.8089303468181,96.32938125807472,26.15576739231684,86.04928751108164,5,2,1,Winter
2023-01-04 06:00:00,371.6931457088545,74.6058146539769,20.61904665438077,85.17735090221952,6,2,1,Winter
2023-01-04 07:00:00,323.173811905026,62.91221941494792,29.399534207402706,83.66743531785175,7,2,1,Winter
2023-01-04 08:00:00,472.6206851751187,72.95678781191307,27.436140172986622,75.79867740289939,8,2,1,Winter
2023-01-04 09:00:00,424.6596253655116,99.00162876427385,19.072932027747115,79.77264989763786,9,2,1,Winter
2023-01-04 10:00:00,366.17960497052985,74.63090469964348,23.01096930941914,84.86190837965432,10,2,1,Winter
2023-01-04 11:00:00,312.71167005720474,66.43758051437541,28.549419690745975,82.41917147147923,11,2,1,Winter
2023-01-04 12:00:00,362.1964643431325,81.67004271583629,29.336784267496924,94.69463800537218,12,2,1,Winter
2023-01-04 13:00:00,365.0366644053494,62.00728093890965,23.60881813499844,73.41099381391832,13,2,1,Winter
2023-01-04 14:00:00,445.9212356676128,53.7931664054332,25.36093667052849,87.37861385118984,14,2,1,Winter
2023-01-04 15:00:00,427.5114942710426,56.44398609553246,20.004407353104902,80.10796920260731,15,2,1,Winter
2023-01-04 16:00:00,477.4425485152653,56.40229194788862,29.89402351364372,80.70499037314036,16,2,1,Winter
2023-01-04 17:00:00,394.44298503238986,57.59513467561472,20.78006041660132,87.9399441414544,17,2,1,Winter
2023-01-04 18:00:00,323.9188491876603,56.94135863247051,29.31278128962151,87.31090378310924,18,2,1,Winter
2023-01-04 19:00:00,442.648957444599,82.04373724016074,25.795759787908423,94.7813998425547,19,2,1,Winter
2023-01-04 20:00:00,452.1570097233795,59.09400421995724,25.29284153854631,73.20985723635313,20,2,1,Winter
2023-01-04 21:00:00,412.25543951389926,67.28336416619317,24.152262132198103,72.60274123460415,21,2,1,Winter
2023-01-04 22:00:00,454.1934359909122,94.8394204953006,20.768037740613103,88.10847042821852,22,2,1,Winter
2023-01-04 23:00:00,398.7591192728781,73.69808201314362,20.118336384066097,84.45967292516022,23,2,1,Winter
2023-01-05 00:00:00,404.5465658763988,83.37788692605136,20.645834508842103,76.85401666399514,0,3,1,Winter
2023-01-05 01:00:00,385.5082036717099,58.61599356008149,20.237259145731056,71.98548422472467,1,3,1,Winter
2023-01-05 02:00:00,305.08382534881906,59.61445094043354,27.35501368280104,72.14145623991077,2,3,1,Winter
2023-01-05 03:00:00,321.5782853986609,52.04343081332394,22.20150311000076,92.35477186660296,3,3,1,Winter
2023-01-05 04:00:00,306.28583713734685,58.44675315360823,18.69411211876076,74.79668311796857,4,3,1,Winter
2023-01-05 05:00:00,427.2820822527561,63.92951695159793,29.629231561689732,78.08428905288802,5,3,1,Winter
2023-01-05 06:00:00,362.8711962152653,58.85052421383734,28.60543061956111,75.6664100556747,6,3,1,Winter
2023-01-05 07:00:00,401.71413823294057,54.43512668785278,29.13302739834256,78.87490764579843,7,3,1,Winter
2023-01-05 08:00:00,481.5132947852186,56.03179355503004,29.938893871757223,71.73559606865233,8,3,1,Winter
2023-01-05 09:00:00,349.858445829775,73.03893840163629,20.086742990633848,82.97649477270676,9,3,1,Winter
2023-01-05 10:00:00,382.07658460712594,60.31668592028963,22.754904226831904,71.69031408980537,10,3,1,Winter
2023-01-05 11:00:00,451.1102277086097,68.21349305240378,27.098861708449096,90.00891269555905,11,3,1,Winter
2023-01-05 12:00:00,345.7596330983245,75.17086354274284,26.352247416645508,75.84280204776083,12,3,1,Winter
2023-01-05 13:00:00,315.3959819657586,84.51974143146826,19.84675087607826,83.50029786511277,13,3,1,Winter
2023-01-05 14:00:00,357.9502905827536,51.965606992054944,27.789997499887413,92.00197718903644,14,3,1,Winter
2023-01-05 15:00:00,332.2442574508009,89.97051994545214,20.69328686203993,86.27193422617985,15,3,1,Winter
2023-01-05 16:00:00,485.9395304685146,81.39501947454539,20.68581137787148,83.32394466378338,16,3,1,Winter
2023-01-05 17:00:00,461.6240759128834,54.08795159744359,24.44369307472096,78.1083438278844,17,3,1,Winter
2023-01-05 18:00:00,426.6807513020847,93.67893120533888,25.11527921810044,78.32504782645495,18,3,1,Winter
2023-01-05 19:00:00,474.2921180375436,96.04362002659066,24.96103449405373,86.73717387995475,19,3,1,Winter
2023-01-05 20:00:00,460.7344153798229,53.05389799274319,19.09784204877306,94.8534840305292,20,3,1,Winter
2023-01-05 21:00:00,337.3140117772072,63.84388240736018,28.529530351564564,86.54597974623447,21,3,1,Winter
2023-01-05 22:00:00,478.5117996979956,90.31006398965306,21.18720051106447,83.94458543425063,22,3,1,Winter
2023-01-05 23:00:00,407.86844838313016,87.41298451918291,19.55417905539365,88.26626275598116,23,3,1,Winter
2023-01-06 00:00:00,461.4880310328125,59.226050967818864,28.66497695842773,81.63014030709296,0,4,1,Winter
2023-01-06 01:00:00,479.21825998469865,60.46746616683552,29.46781797875704,71.50355856501963,1,4,1,Winter
2023-01-06 02:00:00,363.6006949943728,68.5236051395691,28.34553140718541,84.05742039694775,2,4,1,Winter
2023-01-06 03:00:00,322.0103849055354,74.22614925955106,27.71419289669853,93.9406321126345,3,4,1,Winter
2023-01-06 04:00:00,345.58703250838835,80.9127385765148,25.86290376766826,74.38257355894149,4,4,1,Winter
2023-01-06 05:00:00,385.42155772525126,68.44568197848862,24.61028844730967,87.25012227051664,5,4,1,Winter
2023-01-06 06:00:00,463.6029531844986,73.1267358066574,19.04384111893692,75.02334221647641,6,4,1,Winter
2023-01-06 07:00:00,472.1461166512687,87.37354690668784,22.901438556848383,83.39569211182703,7,4,1,Winter
2023-01-06 08:00:00,301.3904261062381,51.834160144529896,22.472262204147768,72.416911241168,8,4,1,Winter
2023-01-06 09:00:00,402.1494605155132,62.62184721720104,21.117045405123918,81.25927340645462,9,4,1,Winter
2023-01-06 10:00:00,383.48220062975577,85.66747929422762,26.68104136426302,88.90408322238116,10,4,1,Winter
2023-01-06 11:00:00,344.42156209414605,94.76034188435996,23.95050882094525,78.68928810597455,11,4,1,Winter
2023-01-06 12:00:00,323.97307346673654,75.58387210578331,18.97255459089177,86.62279311218045,12,4,1,Winter
2023-01-06 13:00:00,367.5230342807256,76.60567426326578,20.642198423397737,89.88624901974323,13,4,1,Winter
2023-01-06 14:00:00,488.5819407825038,55.358600566988805,26.19910516391515,93.17944548698632,14,4,1,Winter
2023-01-06 15:00:00,364.6405864041511,72.37061834117273,18.913570313883604,75.86605204638634,15,4,1,Winter
2023-01-06 16:00:00,403.7581243486732,76.63086332275115,28.214482968585223,79.9828978952327,16,4,1,Winter
2023-01-06 17:00:00,440.60379177903553,62.12352518173648,23.941758324167694,73.81040033326043,17,4,1,Winter
2023-01-06 18:00:00,372.7259204758588,63.46216154746905,23.767038927919774,94.81208755395936,18,4,1,Winter
2023-01-06 19:00:00,494.35641654419214,68.86420815523113,25.10889341591421,93.17502419810738,19,4,1,Winter
2023-01-06 20:00:00,492.4894589884223,51.00355988888632,27.89617159110179,83.49892825701399,20,4,1,Winter
2023-01-06 21:00:00,350.3564591650728,66.10395827915892,22.17371049482632,91.05083235941052,21,4,1,Winter
2023-01-06 22:00:00,399.4497011784771,60.572400349827234,26.136193830708763,83.02394943180106,22,4,1,Winter
2023-01-06 23:00:00,360.17566196335395,66.37486760889573,24.78878356794949,85.589642200069,23,4,1,Winter
2023-01-07 00:00:00,356.9680988754935,55.98810659096256,21.204339242033058,72.22811080290042,0,5,1,Winter
2023-01-07 01:00:00,307.37738947090656,94.52636403699476,28.543559836261892,88.8817605124202,1,5,1,Winter
2023-01-07 02:00:00,421.91286679597937,79.67962267770244,27.569112259283138,73.19283709088087,2,5,1,Winter
2023-01-07 03:00:00,400.5358046457723,83.95511595722448,25.901422015901105,90.6516907563132,3,5,1,Winter
2023-01-07 04:00:00,310.29575024999787,89.45856193036691,28.206980749130903,89.55070219175965,4,5,1,Winter
2023-01-07 05:00:00,355.7292928473223,74.92210994645286,28.407530411517627,87.7186174435744,5,5,1,Winter
2023-01-07 06:00:00,481.6531771933308,54.34601440437118,26.500355720580416,70.90400951311905,6,5,1,Winter
2023-01-07 07:00:00,347.9123781333945,76.85532709092739,28.044159940364064,77.57820889863322,7,5,1,Winter
2023-01-07 08:00:00,328.9789744182446,79.34205590104395,26.369657540031405,76.57781424777107,8,5,1,Winter
2023-01-07 09:00:00,397.8905520555126,87.2719737092165,26.161689261123605,79.00341018678797,9,5,1,Winter
2023-01-07 10:00:00,497.1300908221201,71.58297731148397,25.423336538582213,72.19106866909597,10,5,1,Winter
2023-01-07 11:00:00,348.4110543023001,56.37901513977819,27.032599674691696,93.42394557577656,11,5,1,Winter
2023-01-07 12:00:00,434.4271094811757,64.18879528993622,19.903261263516885,83.84505601780941,12,5,1,Winter
2023-01-07 13:00:00,452.32392306574354,68.15411481993175,28.57044911038714,77.63810776645059,13,5,1,Winter
2023-01-07 14:00:00,347.5275087984799,82.29586206658007,28.462122332942783,79.92453792685708,14,5,1,Winter
2023-01-07 15:00:00,445.6432697223719,78.53891523344559,18.35096739641471,81.18006351262089,15,5,1,Winter
2023-01-07 16:00:00,373.55662654385065,67.80483629489231,27.90980100677715,85.01485833401543,16,5,1,Winter
2023-01-07 17:00:00,426.4611661187159,99.32576243964898,19.546438409681343,82.89198569241245,17,5,1,Winter
2023-01-07 18:00:00,426.7059421521789,80.28874096784436,22.021426251109705,92.98479933036045,18,5,1,Winter
2023-01-07 19:00:00,407.1549368149517,61.86133958679972,26.922099075499293,82.42408707264576,19,5,1,Winter
2023-01-07 20:00:00,318.05795401088164,55.089123631020186,19.929118752579697,94.8039503705828,20,5,1,Winter
2023-01-07 21:00:00,467.0604991178476,57.642956959216605,27.815604289428748,91.2856239436274,21,5,1,Winter
2023-01-07 22:00:00,364.1560129943472,62.29788641922541,27.985610135492905,75.21276285893339,22,5,1,Winter
2023-01-07 23:00:00,337.30370207997083,58.03406866297779,24.089612805130034,93.26488036609793,23,5,1,Winter
2023-01-08 00:00:00,308.1550283109528,59.32835120256529,18.076630460602004,72.9091599471369,0,6,1,Winter
2023-01-08 01:00:00,418.1785886376484,64.25475843469235,21.444457598098957,90.4362427122798,1,6,1,Winter
2023-01-08 02:00:00,435.5128723684565,58.66867976473774,25.403123020508907,79.5155823369145,2,6,1,Winter
2023-01-08 03:00:00,303.3175657855712,94.83827123132126,29.77423413632908,91.94935801112672,3,6,1,Winter
2023-01-08 04:00:00,402.4186116598562,54.01168728308211,25.58176232420002,91.70141725268626,4,6,1,Winter
2023-01-08 05:00:00,345.2991550395876,76.22556947851274,21.11764297276992,90.14813500294052,5,6,1,Winter
2023-01-08 06:00:00,429.03455808188994,70.51984134948307,25.60806843719533,89.75076090767654,6,6,1,Winter
2023-01-08 07:00:00,334.8732858009983,99.11893084543031,24.479824556590263,77.61697847745101,7,6,1,Winter
2023-01-08 08:00:00,438.1875476204932,55.60194510840262,27.358144741813724,72.02298207628131,8,6,1,Winter
2023-01-08 09:00:00,377.34706926010745,69.89277995228709,19.283767665923506,80.07450446912904,9,6,1,Winter
2023-01-08 10:00:00,487.3459977473469,98.47352166376844,27.13233483002433,74.33811287466271,10,6,1,Winter
2023-01-08 11:00:00,327.50418882919865,93.275356294699,24.495198944113323,87.37377722256154,11,6,1,Winter
2023-01-08 12:00:00,368.2132702100517,90.853603547464,29.555904046307937,78.65249316344463,12,6,1,Winter
2023-01-08 13:00:00,322.69470424811783,62.895141352247,22.102465992464232,94.39025502149786,13,6,1,Winter
2023-01-08 14:00:00,484.9387236557126,58.54437936950329,25.591462717607374,86.0243019336333,14,6,1,Winter
2023-01-08 15:00:00,475.4678706761962,83.43216099622154,29.18433726612021,90.56201409085902,15,6,1,Winter
2023-01-08 16:00:00,351.58832554303115,96.46879945637929,19.230116735888156,73.3131168185462,16,6,1,Winter
2023-01-08 17:00:00,431.9968092068358,77.83814465069649,29.246741846837413,91.55036205681556,17,6,1,Winter
2023-01-08 18:00:00,463.4444400402432,78.580634473495,26.25462866760976,93.06892976283486,18,6,1,Winter
2023-01-08 19:00:00,411.0401623198925,63.998954683014205,18.814044709262063,82.1765479704734,19,6,1,Winter
2023-01-08 20:00:00,405.9301156712013,88.47464665959684,21.6115628033618,85.15632344377444,20,6,1,Winter
2023-01-08 21:00:00,348.37045818009034,59.35218742787617,26.49806506374338,89.12024502257489,21,6,1,Winter
2023-01-08 22:00:00,318.62055356117986,66.18396182021218,18.80820721762526,74.37096568151031,22,6,1,Winter
2023-01-08 23:00:00,479.44315159066537,71.27182193082083,24.98604552211528,82.56415191158607,23,6,1,Winter
2023-01-09 00:00:00,480.0836114326661,75.38051893422275,22.15059668343548,79.96657569430783,0,0,1,Winter
2023-01-09 01:00:00,426.6202914546536,62.12048662075401,25.450986213209724,73.65934980405623,1,0,1,Winter
2023-01-09 02:00:00,367.80595820974014,55.74184123696018,18.548904405750157,79.18836055728829,2,0,1,Winter
2023-01-09 03:00:00,369.84191492253217,80.53100212208163,28.45844167382852,71.70430773463734,3,0,1,Winter
2023-01-09 04:00:00,445.1911357740479,64.43152766201278,29.681867630128764,70.64529767373718,4,0,1,Winter
2023-01-09 05:00:00,479.42205199051546,79.06191107113061,29.626534263428297,73.37915722887057,5,0,1,Winter
2023-01-09 06:00:00,477.4172848530235,57.71813576371012,26.995821980915096,94.07787778972934,6,0,1,Winter
2023-01-09 07:00:00,455.9751091715248,74.05700509274087,19.561034881567583,83.73823839737543,7,0,1,Winter
2023-01-09 08:00:00,428.4063292308575,76.62947162757929,27.09915835114827,94.1455540288305,8,0,1,Winter
2023-01-09 09:00:00,316.8279929990098,52.59117684112135,18.295042997505615,80.8124469582533,9,0,1,Winter
2023-01-09 10:00:00,332.3257428189228,66.83021390969603,18.265482618347967,77.7954033271315,10,0,1,Winter
2023-01-09 11:00:00,479.7108377054159,56.72073384694871,21.883322629794492,82.6535465710061,11,0,1,Winter
2023-01-09 12:00:00,421.285811931918,53.16874852363839,23.863718284855988,80.98779221582275,12,0,1,Winter
2023-01-09 13:00:00,301.8394103233259,99.49801161949726,27.24488901369352,72.64161710654359,13,0,1,Winter
2023-01-09 14:00:00,320.2943085732064,66.11769224873615,26.199544519278064,86.02065786725515,14,0,1,Winter
2023-01-09 15:00:00,432.7003538216112,90.49372229273176,23.350832476520974,75.40095456274,15,0,1,Winter
2023-01-09 16:00:00,301.01231676924374,62.7320327381882,21.28351999537999,85.48969887244574,16,0,1,Winter
2023-01-09 17:00:00,332.1616102834997,84.07513611119646,29.965494001892534,86.25502730995383,17,0,1,Winter
2023-01-09 18:00:00,409.7467578733172,88.01139299448432,23.114175626831678,73.80062132821621,18,0,1,Winter
2023-01-09 19:00:00,438.3790395385387,79.78193703039221,23.416644291956104,71.5337406777667,19,0,1,Winter
2023-01-09 20:00:00,430.39225190052014,73.57880942750792,19.963485854300032,89.519039651711,20,0,1,Winter
2023-01-09 21:00:00,344.853861892112,70.59204570736343,27.53771458499915,81.49501059423301,21,0,1,Winter
2023-01-09 22:00:00,442.4358442695072,67.44341332714977,26.324186709377862,71.4540948876369,22,0,1,Winter
2023-01-09 23:00:00,347.44981749936,96.4764572123913,20.649235353465123,94.87165792924418,23,0,1,Winter
2023-01-10 00:00:00,365.0799396318536,91.53097038938644,18.988572547390117,71.44451402490917,0,1,1,Winter
2023-01-10 01:00:00,449.2982810236048,98.25134553332563,26.16599162489656,87.37588072146383,1,1,1,Winter
2023-01-10 02:00:00,429.92657980944296,56.21486117427724,25.85413457137362,94.59197313158536,2,1,1,Winter
2023-01-10 03:00:00,469.8446820988356,86.54337376018222,21.27911432397851,75.97950260539814,3,1,1,Winter
2023-01-10 04:00:00,431.52257846006864,96.91702284105187,29.410362747004925,73.5562342171799,4,1,1,Winter
2023-01-10 05:00:00,413.6617206670943,59.061653308283006,19.8126947013708,73.03462348556073,5,1,1,Winter
2023-01-10 06:00:00,318.7349535656185,53.32481336833887,23.188017612511224,77.58187868918989,6,1,1,Winter
2023-01-10 07:00:00,373.5431606118867,87.05603246450295,29.32339104201119,72.52614527526617,7,1,1,Winter
2023-01-10 08:00:00,353.0404735363451,78.7236556589956,23.036727803113468,87.3040335423533,8,1,1,Winter
2023-01-10 09:00:00,348.7979286758167,92.0914388379136,25.662311371969025,71.55729495325157,9,1,1,Winter
2023-01-10 10:00:00,494.6021109504891,56.98861883131448,22.77113277555353,82.73555320374474,10,1,1,Winter
2023-01-10 11:00:00,378.6195449333521,89.76336559299452,21.29058242818404,94.91742134632442,11,1,1,Winter
2023-01-10 12:00:00,478.40931103542266,60.08136600238723,29.807731775517937,90.34925673765048,12,1,1,Winter
2023-01-10 13:00:00,426.2277251994526,58.18279714328523,22.91200807578052,85.38048595577527,13,1,1,Winter
2023-01-10 14:00:00,458.9622607083297,58.21328989654965,28.72919044414961,77.65634051966529,14,1,1,Winter
2023-01-10 15:00:00,400.5274186210384,90.72873601156913,20.759455270693035,85.59739590729096,15,1,1,Winter
2023-01-10 16:00:00,415.3807769252718,83.25986103481,20.557256448301,83.1760365977913,16,1,1,Winter
2023-01-10 17:00:00,398.5035387637728,76.15327123845597,18.373608994614138,80.65208459725929,17,1,1,Winter
2023-01-10 18:00:00,339.0485975596089,67.94152420617513,25.82000190451062,73.267759418505,18,1,1,Winter
2023-01-10 19:00:00,444.490423052301,93.8600270406554,22.42231612468513,92.16510538101168,19,1,1,Winter
2023-01-10 20:00:00,356.1544724881712,69.62225537113177,28.37229899807564,81.24461622053306,20,1,1,Winter
2023-01-10 21:00:00,304.8631932862908,90.82997197357886,23.67851888029869,74.86556279551912,21,1,1,Winter
2023-01-10 22:00:00,429.0944591814336,71.95674542851091,29.61832113497666,79.19398377193224,22,1,1,Winter
2023-01-10 23:00:00,335.42213588140976,68.84722147124538,20.22630618843745,80.35324381322317,23,1,1,Winter
2023-01-11 00:00:00,488.0917168705829,73.13398928348032,28.42347801546733,90.68844738917186,0,2,1,Winter
2023-01-11 01:00:00,490.7857154005175,65.0688937082071,27.3191622335009,88.34035951403504,1,2,1,Winter
2023-01-11 02:00:00,482.9728780440897,87.38046900881255,27.251062135728624,89.23262234103349,2,2,1,Winter
2023-01-11 03:00:00,374.0317400510889,75.13601950462396,28.13739873740265,70.27578161071618,3,2,1,Winter
2023-01-11 04:00:00,303.09132330577347,61.61063475734086,27.132287891315983,80.40384995449404,4,2,1,Winter
2023-01-11 05:00:00,485.663712517545,94.97872866372842,25.514643859576985,82.03360379088309,5,2,1,Winter
2023-01-11 06:00:00,385.6368296634629,69.19456106866056,19.57493853218865,70.47980692057642,6,2,1,Winter
2023-01-11 07:00:00,493.33096380873394,77.17764305569943,18.390314153895023,76.49533021862585,7,2,1,Winter
2023-01-11 08:00:00,492.7239954178506,95.32360554822736,29.050174173788243,89.00724557805337,8,2,1,Winter
2023-01-11 09:00:00,470.601891093472,81.21189979569961,25.399803774248856,73.42774264322497,9,2,1,Winter
2023-01-11 10:00:00,358.8897784139172,55.8449020354182,27.55844749171412,83.3827532863148,10,2,1,Winter
2023-01-11 11:00:00,377.01954572038505,96.99160618067376,23.7782682181506,75.38004680043093,11,2,1,Winter
2023-01-11 12:00:00,470.2273343033714,81.38540265357089,19.40769826754873,70.30301936609733,12,2,1,Winter
2023-01-11 13:00:00,363.3844010312556,66.7452807328543,19.50222950643061,76.03003643998854,13,2,1,Winter
2023-01-11 14:00:00,333.89854933721847,56.96360363316936,26.226783446747657,94.39684387275136,14,2,1,Winter
2023-01-11 15:00:00,411.36025249167005,89.7012594635148,23.163670738793552,90.03842779707475,15,2,1,Winter
2023-01-11 16:00:00,487.23095483215616,81.00363779642568,20.40629672040404,93.98941610802584,16,2,1,Winter
2023-01-11 17:00:00,439.2059593349946,76.67305459881608,23.89913456089724,82.19635109815906,17,2,1,Winter
2023-01-11 18:00:00,414.01223401787297,94.69462915254788,18.77050724490161,72.74340496693759,18,2,1,Winter
2023-01-11 19:00:00,319.4352987541537,89.42986056122655,24.983656822972783,83.69898722434232,19,2,1,Winter
2023-01-11 20:00:00,423.00144533983394,57.58374398663756,21.22792085322117,81.35943336399902,20,2,1,Winter
2023-01-11 21:00:00,498.0107700208527,65.5861033897774,27.57070920764626,91.1089270684904,21,2,1,Winter
2023-01-11 22:00:00,328.0168030473048,62.424456990723286,21.724343507082885,72.45206451960611,22,2,1,Winter
2023-01-11 23:00:00,403.6659304727473,87.19731462863385,23.46264178898161,82.20602842554446,23,2,1,Winter
2023-01-12 00:00:00,475.4746143855911,51.67662173678897,18.13944647889721,73.75121661734961,0,3,1,Winter
2023-01-12 01:00:00,448.1537235508409,78.49448424356582,18.869362653534708,78.1168981722515,1,3,1,Winter
2023-01-12 02:00:00,439.4031481990536,88.12293428703452,22.70992267688022,88.433926934695,2,3,1,Winter
2023-01-12 03:00:00,440.4968167974218,93.83828183808748,23.75926601660548,81.90045323421916,3,3,1,Winter
2023-01-12 04:00:00,371.8982302439511,67.10408743579538,25.20024657743165,79.39720712864423,4,3,1,Winter
2023-01-12 05:00:00,358.71836885289866,91.06286523360065,21.49995094451164,79.86190696425088,5,3,1,Winter
2023-01-12 06:00:00,461.8722310957027,55.53158684776036,26.33978263351851,81.48616921014967,6,3,1,Winter
2023-01-12 07:00:00,462.02267893583615,92.3226145867259,28.321468766270456,89.62541359592642,7,3,1,Winter
2023-01-12 08:00:00,473.4144637160208,56.37443311659912,27.3582118667202,92.30211722350586,8,3,1,Winter
2023-01-12 09:00:00,482.6481105112943,69.86436452801837,18.475425904180284,93.8833671625982,9,3,1,Winter
2023-01-12 10:00:00,402.2684797721876,89.86476828897767,23.766083367093948,89.67258465638238,10,3,1,Winter
2023-01-12 11:00:00,400.3032589374399,57.49587136743869,19.2591621410181,77.88517239370032,11,3,1,Winter
2023-01-12 12:00:00,459.65903579335503,61.46256976163208,20.90454019035033,87.20336765216355,12,3,1,Winter
2023-01-12 13:00:00,429.99278615555306,86.1126284196533,29.83995111920576,80.9400781013848,13,3,1,Winter
2023-01-12 14:00:00,440.3933754515407,86.00182682730372,19.70994651481816,76.36676555115127,14,3,1,Winter
2023-01-12 15:00:00,459.1585338872202,82.05738164426486,23.986657841416275,91.02178948564809,15,3,1,Winter
2023-01-12 16:00:00,478.0010683635133,84.697422223355,25.417868811817428,70.96065872405812,16,3,1,Winter
2023-01-12 17:00:00,367.5990313703072,77.13622216737981,26.42957964652925,92.5440498033856,17,3,1,Winter
2023-01-12 18:00:00,375.1165905279888,62.58995294534763,24.71578420184297,81.53693661561836,18,3,1,Winter
2023-01-12 19:00:00,318.7963879681738,67.28479967519597,18.117250169030203,85.93003692020702,19,3,1,Winter
2023-01-12 20:00:00,415.6560281992348,59.079885840071285,21.917535698927903,86.48384805514456,20,3,1,Winter
2023-01-12 21:00:00,307.1884547593484,95.42252806668142,24.212539720616537,92.3779435176634,21,3,1,Winter
2023-01-12 22:00:00,393.1196036264921,79.16958973830603,19.054397989738,85.91674205418019,22,3,1,Winter
2023-01-12 23:00:00,408.52892694151535,70.042570838182,22.207523174510168,85.34833961900155,23,3,1,Winter
2023-01-13 00:00:00,357.30825042565687,73.10029018220663,18.3984373054964,71.66630101401725,0,4,1,Winter
2023-01-13 01:00:00,418.1666521138021,97.36416698059077,18.94294196586025,82.9602005486301,1,4,1,Winter
2023-01-13 02:00:00,306.1000499878099,57.66757015580401,22.76307931441915,73.75422502042605,2,4,1,Winter
2023-01-13 03:00:00,307.4696377498429,79.31149160083986,19.592589048516725,88.43584421803715,3,4,1,Winter
2023-01-13 04:00:00,464.5201121319317,75.2944339442233,24.810490179138696,82.80554802031686,4,4,1,Winter
2023-01-13 05:00:00,372.03812828225256,80.57271177173239,26.273579629647188,87.00569448020883,5,4,1,Winter
2023-01-13 06:00:00,325.41210253037696,50.90550919104203,27.607040389308995,71.04182251505961,6,4,1,Winter
2023-01-13 07:00:00,404.44865201096087,93.60619544720755,20.40180293093772,72.11980040114508,7,4,1,Winter
2023-01-13 08:00:00,453.99871061972215,96.60591412418064,20.00979098710884,87.90808470156705,8,4,1,Winter
2023-01-13 09:00:00,343.1642054993686,78.25665917946044,19.254814084012803,71.80210839996684,9,4,1,Winter
2023-01-13 10:00:00,424.57809516380007,84.8325411938446,25.63716299452364,71.78141819413146,10,4,1,Winter
2023-01-13 11:00:00,317.0694929987536,96.1249690588648,26.477708717842816,70.30271188087218,11,4,1,Winter
2023-01-13 12:00:00,310.33634423372155,85.36193171566993,18.379033737907704,93.912534957487,12,4,1,Winter
2023-01-13 13:00:00,406.2709263136296,57.62695214571307,29.23454695492428,88.43770898647517,13,4,1,Winter
2023-01-13 14:00:00,408.12702432202127,78.81441800834065,18.62365540381767,78.8312852125516,14,4,1,Winter
2023-01-13 15:00:00,427.4859802996413,80.3357523191428,24.49555602361285,77.41338953219137,15,4,1,Winter
2023-01-13 16:00:00,445.21826674453234,71.2065335651193,26.508726233411,78.74258074364624,16,4,1,Winter
2023-01-13 17:00:00,495.1704158925069,86.82221178123615,28.451629484953028,89.36633827952954,17,4,1,Winter
2023-01-13 18:00:00,403.2600696602391,96.71835073845074,26.56904318558913,86.53426527676035,18,4,1,Winter
2023-01-13 19:00:00,364.5912945882492,96.2784256453388,27.6207369968375,74.6298891966867,19,4,1,Winter
2023-01-13 20:00:00,459.0372389537407,72.5419685702066,22.07340231051367,74.3527333833521,20,4,1,Winter
2023-01-13 21:00:00,354.16645025241485,55.661902292037766,27.777901364958147,72.45989124283493,21,4,1,Winter
2023-01-13 22:00:00,387.7942841411272,99.24205994811672,18.961378156616103,86.50756799253345,22,4,1,Winter
2023-01-13 23:00:00,315.6912762684532,91.94490432229672,28.73779987272633,89.1093165555434,23,4,1,Winter
2023-01-14 00:00:00,305.0701486830915,56.233134060163344,24.571108513844838,76.6261607081251,0,5,1,Winter
2023-01-14 01:00:00,492.529682935585,96.04209413086862,27.807573239549924,70.52362402577282,1,5,1,Winter
2023-01-14 02:00:00,467.19602410244113,93.4948181031064,23.4278194142196,72.05429168691069,2,5,1,Winter
2023-01-14 03:00:00,439.1948412187396,75.94190285630361,25.7229323423583,94.19650087112576,3,5,1,Winter
2023-01-14 04:00:00,381.790588882854,79.56377178724647,24.31683193123336,77.3861194369355,4,5,1,Winter
2023-01-14 05:00:00,334.6588640141691,69.95013519350651,26.779074261063982,89.23057869595334,5,5,1,Winter
2023-01-14 06:00:00,331.2874085342172,52.73808194110157,18.97955978436708,85.61658922135659,6,5,1,Winter
2023-01-14 07:00:00,350.0485796329191,66.75986208229504,18.72422500788677,79.5484909913224,7,5,1,Winter
2023-01-14 08:00:00,409.8453329412241,90.14267242990056,20.96523880812176,75.14218155488888,8,5,1,Winter
2023-01-14 09:00:00,442.91918454001245,50.23160115023014,19.91453616135826,73.03466045398515,9,5,1,Winter
2023-01-14 10:00:00,432.0394753435463,66.6749585845572,28.46140279910642,85.37532420097166,10,5,1,Winter
2023-01-14 11:00:00,355.98677938918854,69.90843467954717,20.630567848296533,89.3658445159447,11,5,1,Winter
2023-01-14 12:00:00,490.9730561326388,76.86978014689615,29.71038306982957,86.09760633852827,12,5,1,Winter
2023-01-14 13:00:00,447.5793833391537,95.99278082063802,22.042749501253283,83.25755333122896,13,5,1,Winter
2023-01-14 14:00:00,410.87081050228016,67.31729971829806,20.18541498826439,71.04878058579091,14,5,1,Winter
2023-01-14 15:00:00,422.3441492468704,67.34766009481139,27.47638208570975,94.2122194398596,15,5,1,Winter
2023-01-14 16:00:00,383.920012485558,86.87506240548743,25.904493306010515,89.96785479136436,16,5,1,Winter
2023-01-14 17:00:00,349.5461979002315,72.61089704449036,23.978348597437662,77.32055091752412,17,5,1,Winter
2023-01-14 18:00:00,371.1945357302523,61.2302411469991,24.664362611251576,94.49925823397126,18,5,1,Winter
2023-01-14 19:00:00,451.5692220928738,72.62197580663467,26.63042133926717,85.04703974090805,19,5,1,Winter
2023-01-14 20:00:00,302.8786977259512,57.04285101898999,20.741456895975585,84.56056645518116,20,5,1,Winter
2023-01-14 21:00:00,323.2145281013832,58.819349325311165,29.956006992680905,88.7018294857383,21,5,1,Winter
2023-01-14 22:00:00,309.20052840435056,74.91838863697399,29.6975179457614,90.29424470225344,22,5,1,Winter
2023-01-14 23:00:00,308.14576046379403,70.9462724752274,25.80390823616324,86.41196518328756,23,5,1,Winter
2023-01-15 00:00:00,471.0921168022014,95.742295053405,20.39450941114974,73.202393659155,0,6,1,Winter
2023-01-15 01:00:00,440.7315718760048,68.11969495583165,26.16273890917549,78.45668764986246,1,6,1,Winter
2023-01-15 02:00:00,394.834765817465,79.02941751390217,18.86638090775011,93.20209100815124,2,6,1,Winter
2023-01-15 03:00:00,319.5668321302003,81.61321439597651,18.367830026469672,75.6153902960963,3,6,1,Winter
2023-01-15 04:00:00,398.3231750233665,50.65472282941669,21.092194662134563,79.30417559593783,4,6,1,Winter
2023-01-15 05:00:00,394.6943541561132,83.17686860083553,23.551475480871797,80.8019220736049,5,6,1,Winter
2023-01-15 06:00:00,334.64037398200304,58.90179834348757,28.41927006490057,80.98512474236131,6,6,1,Winter
2023-01-15 07:00:00,386.7703298475946,98.05351587347276,26.726028837195692,85.32348956236314,7,6,1,Winter
2023-01-15 08:00:00,379.7009468794747,57.43313638765565,26.91247825439977,93.57689594361769,8,6,1,Winter
2023-01-15 09:00:00,423.1700196104433,70.73120618635119,23.105920013376902,76.01731779581263,9,6,1,Winter
2023-01-15 10:00:00,427.0187301735288,54.26748340393219,22.151219910563555,73.03753440752295,10,6,1,Winter
2023-01-15 11:00:00,309.06080195440893,99.84371259229736,22.452465155815236,74.93676224649843,11,6,1,Winter
2023-01-15 12:00:00,374.92252292529423,75.10975051656213,29.851794764832693,92.17312250523172,12,6,1,Winter
2023-01-15 13:00:00,425.1719831428473,79.76925086600218,18.48131029694979,86.14527031638015,13,6,1,Winter
2023-01-15 14:00:00,400.6272517160176,53.353823869421376,28.404377953469385,77.147669730979,14,6,1,Winter
2023-01-15 15:00:00,471.29796823766446,87.49802351995889,24.944104902868723,90.39867347421544,15,6,1,Winter
2023-01-15 16:00:00,431.738726323789,60.49527965477929,23.263385030275085,91.5342499090859,16,6,1,Winter
2023-01-15 17:00:00,332.58688541628595,94.90271447203568,26.70309192498164,91.16285846725695,17,6,1,Winter
2023-01-15 18:00:00,314.113749480086,60.25698202410036,23.840027297096437,92.97316334098886,18,6,1,Winter
2023-01-15 19:00:00,428.4838556412631,59.53438603318333,28.481078856979927,76.30602550433404,19,6,1,Winter
2023-01-15 20:00:00,305.3022621083244,51.82748339240474,28.8084223681351,88.87604821865696,20,6,1,Winter
2023-01-15 21:00:00,417.15511625469264,73.60334725549995,23.060651122481467,81.5134874318535,21,6,1,Winter
2023-01-15 22:00:00,488.0460482849915,78.24205666313082,21.32193356682062,91.04996382225154,22,6,1,Winter
2023-01-15 23:00:00,415.0948355751758,53.285431971417616,25.108203943120348,88.21226692904033,23,6,1,Winter
2023-01-16 00:00:00,377.6339852413044,88.77638083475053,28.94836014740029,89.41118616249312,0,0,1,Winter
2023-01-16 01:00:00,428.6576436884706,72.66444173740138,20.527946268068,86.40404594202678,1,0,1,Winter
2023-01-16 02:00:00,391.6505780983033,76.219513466379,25.475599002761797,74.43571923674267,2,0,1,Winter
2023-01-16 03:00:00,409.123357863187,72.03813734691141,25.578722641110247,83.62567297242346,3,0,1,Winter
2023-01-16 04:00:00,488.292961755305,70.0381530437663,26.79735626898337,94.6167434881127,4,0,1,Winter
2023-01-16 05:00:00,377.2205275601549,77.9820165654109,19.57881222152712,93.43470166242795,5,0,1,Winter
2023-01-16 06:00:00,492.2381127647829,57.76201229653562,26.58989957618506,71.07934339492529,6,0,1,Winter
2023-01-16 07:00:00,481.07012839121273,59.09640652476355,28.90839024798769,74.12037039323593,7,0,1,Winter
2023-01-16 08:00:00,339.15822695785926,93.08928105067588,20.156197306442905,73.29321933636405,8,0,1,Winter
2023-01-16 09:00:00,313.8722601750331,97.30577310668164,20.85051989908653,88.14949774963239,9,0,1,Winter
2023-01-16 10:00:00,320.1556002754853,68.66546581398765,29.656741128499675,90.44463324642362,10,0,1,Winter
2023-01-16 11:00:00,303.64436513030995,63.53723365717769,20.17172343251388,75.3377841577668,11,0,1,Winter
2023-01-16 12:00:00,318.88859215118566,82.19997716195078,28.25262112043495,82.64631732379573,12,0,1,Winter
2023-01-16 13:00:00,436.6013546832714,70.43670855490481,23.907334277376417,91.01757570028,13,0,1,Winter
2023-01-16 14:00:00,314.2377296920458,51.26931778301724,20.96677289283813,88.32003861915626,14,0,1,Winter
2023-01-16 15:00:00,363.79512605875226,57.80762986830952,28.448998815270137,83.5559301372962,15,0,1,Winter
2023-01-16 16:00:00,468.97506219389095,85.79861144236988,23.343663060031982,84.75869226146932,16,0,1,Winter
2023-01-16 17:00:00,304.65438714716515,82.94619709550757,24.17780824715628,82.70901367290699,17,0,1,Winter
2023-01-16 18:00:00,462.89369651778713,51.354799625174174,22.310800432797187,77.43871128297052,18,0,1,Winter
2023-01-16 19:00:00,356.37095495468,61.098608096647474,25.11541021721913,84.1255498214754,19,0,1,Winter
2023-01-16 20:00:00,323.63296552433127,61.55373982940357,19.962286471020278,87.22213255125226,20,0,1,Winter
2023-01-16 21:00:00,439.3474330728301,83.59463717993643,22.69297843982113,91.8330728965202,21,0,1,Winter
2023-01-16 22:00:00,425.7885693559768,50.98552688771821,29.63294786802345,85.9072838494812,22,0,1,Winter
2023-01-16 23:00:00,475.4944027054106,55.205429099228695,21.09760119241353,89.02803842607895,23,0,1,Winter
2023-01-17 00:00:00,447.01420876077714,89.99580426865947,25.880839974495508,74.00179087386432,0,1,1,Winter
2023-01-17 01:00:00,460.69618607696975,58.92723310271669,21.90228077069634,81.53893686049474,1,1,1,Winter
2023-01-17 02:00:00,356.4069145142613,82.63730539259373,27.28167750823921,70.23329049567734,2,1,1,Winter
2023-01-17 03:00:00,335.48790875594455,61.90913905233633,19.5704839286202,76.16697161304057,3,1,1,Winter
2023-01-17 04:00:00,450.12295032817167,54.97206963796726,29.637852540942536,88.16154287782513,4,1,1,Winter
2023-01-17 05:00:00,461.3669478534528,62.1586095499727,23.445474496603676,94.79524878373408,5,1,1,Winter
2023-01-17 06:00:00,498.1010284001346,86.11334659278296,20.832605560157567,72.4794524896804,6,1,1,Winter
2023-01-17 07:00:00,382.5235353822853,92.78482340531428,18.88196096796015,80.0373578965322,7,1,1,Winter
2023-01-17 08:00:00,374.40361715855664,91.51099322834958,20.037094861050488,90.00177421747898,8,1,1,Winter
2023-01-17 09:00:00,455.2825921483994,69.85917648092274,24.23728738267221,75.10089086572248,9,1,1,Winter
2023-01-17 10:00:00,368.1607080506036,83.40425682853231,22.04403811717544,83.87712373255715,10,1,1,Winter
2023-01-17 11:00:00,486.15146512071294,60.24921477079105,27.946600390591318,88.32678240074188,11,1,1,Winter
2023-01-17 12:00:00,471.6825503686024,64.65738651305067,23.170650283941672,85.39963625650448,12,1,1,Winter
2023-01-17 13:00:00,385.7988054750037,94.816790926056,20.98457127105156,74.70061836538541,13,1,1,Winter
2023-01-17 14:00:00,450.1742135582994,50.6500961755368,25.40573983924836,78.88461421714348,14,1,1,Winter
2023-01-17 15:00:00,450.9085748169365,54.2754265427234,26.48132660262535,89.59479461213493,15,1,1,Winter
2023-01-17 16:00:00,320.6247737671865,60.39431275730136,20.0045028948114,83.85566285330042,16,1,1,Winter
2023-01-17 17:00:00,480.5105813359133,51.32661019369099,20.011430595459814,70.13074033857282,17,1,1,Winter
2023-01-17 18:00:00,401.05047448957146,59.071771754489866,18.440057123202514,89.02476900070235,18,1,1,Winter
2023-01-17 19:00:00,465.2914932215483,79.15207804848461,26.836824180787687,70.88278387350597,19,1,1,Winter
2023-01-17 20:00:00,364.00992020612233,71.0712275296249,25.96565433146166,88.64334456828081,20,1,1,Winter
2023-01-17 21:00:00,479.1046456992401,94.63358555384876,23.69557050899777,75.06201400413093,21,1,1,Winter
2023-01-17 22:00:00,377.84033574683264,90.87217808692203,28.130045387630368,93.9518370029845,22,1,1,Winter
2023-01-17 23:00:00,302.1675302960597,67.0908675848938,27.66804183540064,79.19851878255211,23,1,1,Winter
2023-01-18 00:00:00,481.0763952838527,62.97117167156463,25.024252372761023,78.17329040845198,0,2,1,Winter
2023-01-18 01:00:00,318.25733535722674,68.98462040836334,28.419255366159103,73.72220125831112,1,2,1,Winter
2023-01-18 02:00:00,363.862727518083,79.51474712574039,20.47009452044122,77.64010538725537,2,2,1,Winter
2023-01-18 03:00:00,490.012393410161,63.403182041143815,19.343035432772734,91.916269045705,3,2,1,Winter
2023-01-18 04:00:00,490.1214293875112,81.2074453924567,21.23699533820388,94.90835844068118,4,2,1,Winter
2023-01-18 05:00:00,414.6875776246573,70.47058260956203,18.68504227307178,79.20773826267121,5,2,1,Winter
2023-01-18 06:00:00,426.3674424339599,77.602359042599,24.374034336012382,81.21526577386356,6,2,1,Winter
2023-01-18 07:00:00,389.689104395664,71.80632645676583,29.23926830753954,88.05177345506843,7,2,1,Winter
2023-01-18 08:00:00,358.6421543396129,64.72328797709588,18.47212248802212,92.15489451162686,8,2,1,Winter
2023-01-18 09:00:00,365.7329090739832,97.42266534810784,19.46531896812032,84.8261083546696,9,2,1,Winter
2023-01-18 10:00:00,434.5036912154077,88.18028970798804,23.42638833940122,79.78814245444573,10,2,1,Winter
2023-01-18 11:00:00,450.474905887536,57.00565878832263,29.20650021033486,80.3155460212156,11,2,1,Winter
2023-01-18 12:00:00,458.3158087451697,93.42339879489565,21.793873259721007,87.39045366242017,12,2,1,Winter
2023-01-18 13:00:00,457.9236285589108,74.37155991247567,24.08681770426071,70.08045659010696,13,2,1,Winter
2023-01-18 14:00:00,318.2412206097381,94.72761134470456,18.498874308604705,85.48973343649601,14,2,1,Winter
2023-01-18 15:00:00,398.8840609405163,89.99276279736577,19.780118411545068,78.88732526103394,15,2,1,Winter
2023-01-18 16:00:00,311.51175200332887,71.26067522346167,29.83956147550616,89.8549332819271,16,2,1,Winter
2023-01-18 17:00:00,409.9057764647471,51.12346541600587,29.581424357232542,72.3247659955783,17,2,1,Winter
2023-01-18 18:00:00,388.3061002746754,63.4338679692473,18.059279771212918,84.70505667370976,18,2,1,Winter
2023-01-18 19:00:00,477.54083655166,77.08171073304334,29.421741425078867,82.0243222471531,19,2,1,Winter
2023-01-18 20:00:00,370.18300251041575,81.67391099130737,25.669439253786003,86.05813814763069,20,2,1,Winter
2023-01-18 21:00:00,323.4134032855212,62.89438427166012,28.415019534240265,71.62133986207421,21,2,1,Winter
2023-01-18 22:00:00,328.5983364105672,56.96780370364121,23.45687826760631,84.49959468570329,22,2,1,Winter
2023-01-18 23:00:00,452.3021263434945,91.74651183996497,24.187152342951,84.03711469898809,23,2,1,Winter
2023-01-19 00:00:00,423.6436126632522,99.2201090351776,23.86615896308304,84.01650236040427,0,3,1,Winter
2023-01-19 01:00:00,320.22453522455805,76.28450911513428,26.00237109055325,85.08719166491137,1,3,1,Winter
2023-01-19 02:00:00,316.8213612229995,58.583964292415175,19.67581505707576,86.91169843065906,2,3,1,Winter
2023-01-19 03:00:00,440.193826291824,63.61536632596845,18.35968307847213,90.12472499201924,3,3,1,Winter
2023-01-19 04:00:00,314.5526012728388,50.919533827373336,21.695159299094293,76.74551800320536,4,3,1,Winter
2023-01-19 05:00:00,464.3720118580712,95.71494032802497,26.45616915283976,90.62623525450157,5,3,1,Winter
2023-01-19 06:00:00,441.2484454312993,55.88755414450706,20.42224142547538,82.45639205658634,6,3,1,Winter
2023-01-19 07:00:00,316.26975612838,78.82582377571268,26.081189199899008,71.92645697835827,7,3,1,Winter
2023-01-19 08:00:00,316.9675428170384,63.7027610343603,29.63894455328725,71.46377323109948,8,3,1,Winter
2023-01-19 09:00:00,497.3279157002351,77.70890012578967,19.126808589473026,78.35595796740152,9,3,1,Winter
2023-01-19 10:00:00,374.85415915122405,82.57101941759322,26.07122541870152,89.62242442778668,10,3,1,Winter
2023-01-19 11:00:00,374.12842941337817,91.48709018536007,23.32500263165485,87.6920233685229,11,3,1,Winter
2023-01-19 12:00:00,462.5599134515005,60.32106358803016,28.417707052530066,89.71537411681015,12,3,1,Winter
2023-01-19 13:00:00,489.44971547677176,50.549791432924025,20.125797473368632,82.93172641104023,13,3,1,Winter
2023-01-19 14:00:00,497.2002127645742,56.84428150344037,26.31151142671397,81.00497494888727,14,3,1,Winter
2023-01-19 15:00:00,450.6756370517883,95.00093209240526,28.05738347577732,73.6863131676571,15,3,1,Winter
2023-01-19 16:00:00,375.2519171061832,93.69450387812576,29.33537063368828,78.20481884023279,16,3,1,Winter
2023-01-19 17:00:00,316.70014333973376,79.87065510851542,26.19897633947575,80.85048415434689,17,3,1,Winter
2023-01-19 18:00:00,455.4293831854874,80.02584302168268,23.96609716810113,72.21501074199043,18,3,1,Winter
2023-01-19 19:00:00,411.680849947161,83.25183372731277,25.41416688241457,75.51529881778028,19,3,1,Winter
2023-01-19 20:00:00,384.8444018493952,58.76856393117248,28.42685981374462,84.95563235159347,20,3,1,Winter
2023-01-19 21:00:00,481.2708770189472,95.720597296248,24.84731695966596,88.39157785597975,21,3,1,Winter
2023-01-19 22:00:00,322.23949646123026,70.93852624460365,18.364644716362044,94.95868778482374,22,3,1,Winter
2023-01-19 23:00:00,398.52502085817184,69.15692641247487,29.17138434608373,93.32783328358894,23,3,1,Winter
2023-01-20 00:00:00,302.2707289534838,75.94588526414188,26.27432101237873,86.06412998837979,0,4,1,Winter
2023-01-20 01:00:00,393.7321283988253,52.34829833875276,26.11816062932696,80.5312013323518,1,4,1,Winter
2023-01-20 02:00:00,311.26065513636746,58.31416843780397,20.588101828772608,85.90443411770582,2,4,1,Winter
2023-01-20 03:00:00,323.7635832536144,86.90168082131852,25.906625642791887,89.64129045200579,3,4,1,Winter
2023-01-20 04:00:00,323.505249355421,54.139933396256325,22.726372867849904,72.95840477308468,4,4,1,Winter
2023-01-20 05:00:00,429.84206042321273,80.1576054733194,25.814795724497905,80.2476222424072,5,4,1,Winter
2023-01-20 06:00:00,449.2089758530847,62.26745548406605,19.279116363695888,90.99505714089042,6,4,1,Winter
2023-01-20 07:00:00,416.673753019432,69.46478070209884,25.894143655236437,79.5958237983261,7,4,1,Winter
2023-01-20 08:00:00,492.43450969490834,64.43468683853499,29.992964709248,84.29680678067966,8,4,1,Winter
2023-01-20 09:00:00,374.9741159047408,67.78363582324747,18.578544466326672,84.69423402155496,9,4,1,Winter
2023-01-20 10:00:00,357.14241725637214,85.95229525921228,29.72609021065581,74.61190632834098,10,4,1,Winter
2023-01-20 11:00:00,473.7198256378921,64.85608578115875,22.88289552867445,79.0558860413072,11,4,1,Winter
2023-01-20 12:00:00,344.71916770389055,78.32023201484486,28.449041404047108,78.3627822185483,12,4,1,Winter
2023-01-20 13:00:00,492.64450788812223,73.80252010995498,27.38862580869928,70.65491771330161,13,4,1,Winter
2023-01-20 14:00:00,302.4308949379633,83.1835582681324,24.80419513184001,70.60479409728389,14,4,1,Winter
2023-01-20 15:00:00,493.9757653415278,96.84148696623792,26.86139051101592,90.79242609189434,15,4,1,Winter
2023-01-20 16:00:00,308.63198239011524,86.62860486051252,28.542186735616177,76.8267702493203,16,4,1,Winter
2023-01-20 17:00:00,478.2286227396143,60.74701892953784,22.849683859812394,82.95196915597039,17,4,1,Winter
2023-01-20 18:00:00,405.54022181726,51.55915675306424,21.924397938758865,77.46813933971933,18,4,1,Winter
2023-01-20 19:00:00,498.5929592238601,63.11320221499125,26.011120626763017,93.51698112788353,19,4,1,Winter
2023-01-20 20:00:00,314.75931294707976,79.75389653501274,27.6941513032951,76.48241897164435,20,4,1,Winter
2023-01-20 21:00:00,410.77085688026415,52.57129067421252,27.147421617319388,80.74142031847337,21,4,1,Winter
2023-01-20 22:00:00,493.8605071238198,74.81831236006181,27.573763786303616,91.81825626211504,22,4,1,Winter
2023-01-20 23:00:00,404.6195688340298,79.84214244584446,23.2269997777552,91.0483391697952,23,4,1,Winter
2023-01-21 00:00:00,425.8797276270525,66.71219454084805,27.81401059410026,74.65253544615693,0,5,1,Winter
2023-01-21 01:00:00,439.1497377969234,88.54561018729109,19.442508664447303,90.06608274489275,1,5,1,Winter
2023-01-21 02:00:00,390.90821295355465,55.32991265668859,24.533869175530192,81.45467216844732,2,5,1,Winter
2023-01-21 03:00:00,425.5116160168127,53.75688908679044,18.06910392597746,82.07422180213388,3,5,1,Winter
2023-01-21 04:00:00,416.86286238462,86.40943781018017,21.89502995880324,73.3369993103986,4,5,1,Winter
2023-01-21 05:00:00,480.23160209819775,74.77456581030992,22.397538418456776,72.01503784392811,5,5,1,Winter
2023-01-21 06:00:00,309.08927606829155,84.4201198213868,22.754072299311066,88.19848267434413,6,5,1,Winter
2023-01-21 07:00:00,356.19263791844605,71.74136693018731,26.345606480278345,82.4115288088825,7,5,1,Winter
2023-01-21 08:00:00,490.0822968153117,62.32010166195534,22.66269721524415,80.9212675653795,8,5,1,Winter
2023-01-21 09:00:00,478.05275677818327,90.95511588371,23.384323471470367,88.23770571630992,9,5,1,Winter
2023-01-21 10:00:00,391.1313505571426,89.97079394844897,20.85052957049193,89.13782247477775,10,5,1,Winter
2023-01-21 11:00:00,424.02651956030735,84.73482354272133,22.479021499552083,73.97270419173384,11,5,1,Winter
2023-01-21 12:00:00,355.47623659622656,63.607256861498136,20.727235527157816,85.25562873694103,12,5,1,Winter
2023-01-21 13:00:00,337.62423194475224,79.51153334345435,18.878351085221325,73.38385205694213,13,5,1,Winter
2023-01-21 14:00:00,392.7396809879965,68.04869484700134,25.241383120576536,88.78437715072614,14,5,1,Winter
2023-01-21 15:00:00,370.67044560521055,54.5791036663317,26.0185535826602,86.42387890667848,15,5,1,Winter
2023-01-21 16:00:00,416.7312223701744,95.86567877311214,25.433884152115372,93.91536552708644,16,5,1,Winter
2023-01-21 17:00:00,315.54692739299696,56.84093154594807,23.561928525606863,71.72395040891053,17,5,1,Winter
2023-01-21 18:00:00,494.8789615332333,97.51186769104012,22.55742936215076,71.42636802878135,18,5,1,Winter
2023-01-21 19:00:00,497.2421488959205,72.30028864789779,28.360003794861903,77.05467686733,19,5,1,Winter
